{
  "scaler_mean": [
    0.5475076747437319,
    0.02932887018530392,
    0.029233226405374485,
    0.027542853044852725,
    0.026681375704927134,
    0.0263152624764046,
    0.025997410659543033,
    0.02571751355904495,
    0.02517281320617668,
    0.024309333098235762,
    0.023106508260431893,
    0.021854591463633208,
    0.02060291893291173,
    0.019225219445384117,
    0.017761645691280137,
    0.01604601800669365,
    0.014362727512800084,
    0.012719834047005612,
    0.010955456396423674,
    0.00940967207694199,
    0.008095718763191448,
    0.006830955055268835,
    0.005897476190636785,
    0.0051674478532758635,
    0.004666221963205709,
    0.004738858430024337,
    0.005269392916109912,
    0.003246708829670288,
    0.0013224039542445313,
    0.0005575472384995973,
    0.00023368722549200945,
    0.00012265648484019182,
    0.14818911364173068,
    0.20443327690237292,
    0.0,
    0.9269607883750224,
    0.5953513253114971,
    0.6635895570119222,
    0.02015747707633975,
    0.0011462592863376903,
    0.0,
    0.0,
    0.0,
    0.0,
    0.015123991215802437,
    0.26787774607210474,
    0.4666090094365691,
    0.5783112428023243,
    0.7407824052406439,
    0.09314184647405009,
    0.13802513601794822,
    0.24418571381373147,
    0.013916482620783533,
    0.02446361304849715,
    0.004493702220743752,
    0.0,
    0.0,
    0.007702471639138857,
    0.04007090589812815,
    0.006950482710350365,
    0.036476669572270935,
    0.0,
    0.0,
    0.023494680312642142,
    0.07380036266441298,
    0.18741315631700226,
    0.15285869374587063,
    0.16507595861852073,
    0.1415856094772964,
    0.01734693320048118,
    0.056397596155768365,
    0.19148279967509785,
    0.17537132520445475,
    0.29051483098281133,
    0.16152836707895438,
    0.2746251186164206,
    0.1562304959139403,
    0.1743889502972885,
    0.16324954254463697,
    0.1462526417373524,
    0.18197840610210894,
    0.3691874606119396,
    0.17452446407839364,
    0.36947975254060667,
    0.1720407182652065,
    0.14711056772512612,
    0.18063977876433865,
    37.52205882352941,
    30732.735294117647,
    1297.3444845536176,
    4.230392156862745,
    9.556372549019608,
    259.3627450980392,
    41.38420670172747,
    2.178921568627451
  ],
  "scaler_scale": [
    0.06988081987951314,
    0.016838798609374803,
    0.01603243931659883,
    0.013523233067073967,
    0.01191292591065569,
    0.010942269933256036,
    0.009915864677442135,
    0.009066467225231228,
    0.0085590237016098,
    0.008341605657716984,
    0.008401348839258601,
    0.008438740267961925,
    0.008430839946709904,
    0.008135625950293567,
    0.007878317485047194,
    0.0077112834697598805,
    0.007560671661351021,
    0.007177243296550185,
    0.006487261631753461,
    0.005911876588630426,
    0.005492493438630653,
    0.004902508907897166,
    0.0045957053618819995,
    0.0043409989837533336,
    0.004373283861064954,
    0.005665906756448105,
    0.007533400407059173,
    0.004400300823032398,
    0.0017256485060166533,
    0.0008113954775278194,
    0.00036925789294584276,
    0.0002381409289602286,
    0.045636445297590034,
    0.04638613311595236,
    1.0,
    0.09679128958229032,
    0.07902362003225766,
    0.08786138408071618,
    0.022192526441819065,
    0.0016245947488554733,
    1.0,
    1.0,
    1.0,
    1.0,
    0.02482561850017893,
    0.10742414437729284,
    0.1263969442376059,
    0.1363398762602805,
    0.12359875016325518,
    0.021529712685940124,
    0.029274007125822663,
    0.04726421189238284,
    0.0028880880030799183,
    0.004494646731862753,
    0.0014703420671203311,
    1.0,
    1.0,
    0.004853904076440084,
    0.02227497036803437,
    0.004144415180035651,
    0.018805728212601177,
    1.0,
    1.0,
    0.019818082792685616,
    0.05708603615787838,
    0.09126844354308751,
    0.05362570546497606,
    0.07965485713982243,
    0.050337631271720966,
    0.015853320475438526,
    0.04607041037764962,
    0.12067485785448831,
    0.09510635130795128,
    0.1347407186310393,
    0.059709761544260574,
    0.12383559554432956,
    0.05948550824608659,
    0.1081304953996884,
    0.08790234859933037,
    0.08838938562474166,
    0.10031484759968451,
    0.1525803078515914,
    0.05479811920275815,
    0.1400665716000267,
    0.05673730897445389,
    0.08284477694860218,
    0.09250041699210185,
    19.203872762924128,
    4939.462204147865,
    2651.3744342693685,
    2.118049843684197,
    9.195147834828136,
    356.86980075442614,
    54.320114556002956,
    2.0206887812603114
  ],
  "algorithm": "logistic_regression_balanced",
  "coef": [
    [
      -0.052730248251076965,
      0.21184837599256867,
      -0.440512048361324,
      -0.09645317464657277,
      -0.08698392105668132,
      -0.06634749981949069,
      0.066048916111942,
      0.054104320627455876,
      -0.15741245607071067,
      -0.2738278826313445,
      0.2846634468718689,
      0.3185595150993813,
      0.1752342558349412,
      0.2100092802719698,
      0.0652903786050406,
      0.23059557996523605,
      0.18671867440277476,
      0.10978275349529963,
      0.08729995736616267,
      0.05051924341371708,
      -0.8317555299961251,
      0.18297945132685856,
      0.08079873120829906,
      0.08626276188123608,
      0.07498632845722925,
      0.05414419191549686,
      0.07043618043376172,
      0.1199109625347,
      0.12511100517968302,
      0.08649799623182211,
      0.08967278693377236,
      0.09680190111040549,
      0.09648958298727486,
      -0.11569928268999083,
      0.0,
      0.46027723132571413,
      -0.06281358708218551,
      -0.10053332575522363,
      0.09170781086703815,
      0.09603651650767682,
      0.0,
      0.0,
      0.0,
      0.0,
      -0.5412117041895592,
      0.18713646988414698,
      0.29225850980587353,
      -0.07462554453940336,
      -0.6719779530763875,
      0.8594624080619512,
      0.6021442552404374,
      0.035475793766645065,
      0.37189032100567027,
      -0.18065728746322485,
      -0.02717798779479925,
      0.0,
      0.0,
      0.08150142468744588,
      0.39854004446538366,
      -0.5702993205662127,
      -0.2284976038798044,
      0.0,
      0.0,
      -0.41137189117786,
      -0.3296122855820465,
      -0.5651704184018992,
      0.04671722098580946,
      0.20712809506116223,
      0.5970986732603516,
      -0.0686815609831145,
      -0.06812128260151375,
      0.5670999643926401,
      0.7842498003644933,
      0.7008514425434818,
      1.4124339321199,
      0.45407689710363297,
      0.25054700924803314,
      -0.04134298378786044,
      -0.04224186105681501,
      -0.31645257107579444,
      -0.1438243130487837,
      -0.5460768218366393,
      -0.18364867929176262,
      0.09695912736401664,
      0.36659191171949906,
      -0.002045699858222093,
      0.02001422247113962,
      -0.2135388356061206,
      0.08054997504911293,
      -0.009875857875658521,
      -0.04556349186808677,
      0.0056118676468525945,
      0.1382208178696627,
      0.3035086697354259,
      0.15386404500448272
    ]
  ],
  "intercept": [
    10.864505162547841
  ]
}