{
  "mean": [
    0.5419061183929443,
    0.02889089472591877,
    0.028860675171017647,
    0.02738155797123909,
    0.026657093316316605,
    0.02644706703722477,
    0.02625955455005169,
    0.026074202731251717,
    0.025605086237192154,
    0.024789873510599136,
    0.023609640076756477,
    0.022351611405611038,
    0.02107412740588188,
    0.019673561677336693,
    0.01817587949335575,
    0.016431234776973724,
    0.014711230993270874,
    0.013027841225266457,
    0.011220856569707394,
    0.00963339302688837,
    0.008191466331481934,
    0.007002255879342556,
    0.0060398462228477,
    0.005294211208820343,
    0.004783313721418381,
    0.004862730856984854,
    0.005412939004600048,
    0.003335411660373211,
    0.0013579403748735785,
    0.0005724435904994607,
    0.00023991135822143406,
    0.00012605510710272938,
    0.15107512474060059,
    0.20766262710094452,
    0.0,
    0.9357225298881531,
    0.5890474319458008,
    0.6570011973381042,
    0.02069074660539627,
    0.0011769148986786604,
    0.0,
    0.0,
    0.0,
    0.0,
    0.015335614793002605,
    0.2740453779697418,
    0.47559601068496704,
    0.5879446864128113,
    0.7498307228088379,
    0.09500405192375183,
    0.1404258757829666,
    0.2473909705877304,
    0.014148302376270294,
    0.02476978860795498,
    0.004575846716761589,
    0.0,
    0.0,
    0.007741725072264671,
    0.040288373827934265,
    0.006952497176826,
    0.03653726354241371,
    0.0,
    0.0,
    0.02393103949725628,
    0.07520392537117004,
    0.1900675892829895,
    0.15497852861881256,
    0.16782277822494507,
    0.14372847974300385,
    0.017625128850340843,
    0.05735332891345024,
    0.1958817094564438,
    0.17919635772705078,
    0.2972450852394104,
    0.16507457196712494,
    0.2806379199028015,
    0.15922929346561432,
    0.17730823159217834,
    0.16583602130413055,
    0.1492326557636261,
    0.1856294870376587,
    0.3762100040912628,
    0.17726744711399078,
    0.37688955664634705,
    0.17497830092906952,
    0.14965617656707764,
    0.18373864889144897,
    37.826194763183594,
    30373.1015625,
    1113.45166015625,
    4.289672374725342,
    9.793451309204102,
    266.42822265625,
    42.48768615722656,
    2.2367758750915527
  ],
  "std": [
    0.055166587233543396,
    0.016329871490597725,
    0.015312322415411472,
    0.012993928045034409,
    0.011463478207588196,
    0.010652557015419006,
    0.009671511128544807,
    0.008764928206801414,
    0.008162584155797958,
    0.00786401517689228,
    0.007911760360002518,
    0.007980876602232456,
    0.008031181991100311,
    0.007767581380903721,
    0.007563678082078695,
    0.007446288131177425,
    0.007357071153819561,
    0.007022882346063852,
    0.006368373986333609,
    0.005828084424138069,
    0.005282346624881029,
    0.0048545245081186295,
    0.004569385666400194,
    0.004326657857745886,
    0.004372572526335716,
    0.005693200044333935,
    0.007586786523461342,
    0.0044279820285737514,
    0.0017358942423015833,
    0.000817510939668864,
    0.0003723999543581158,
    0.0002405289123998955,
    0.042438190430402756,
    0.04195300489664078,
    0.0,
    0.07325972616672516,
    0.06668928265571594,
    0.07850674539804459,
    0.02225971221923828,
    0.0016362674068659544,
    0.0,
    0.0,
    0.0,
    0.0,
    0.02499440126121044,
    0.1017918661236763,
    0.11457047611474991,
    0.12220697849988937,
    0.10608590394258499,
    0.01836332678794861,
    0.025190141052007675,
    0.042448144406080246,
    0.0024952508974820375,
    0.004020976833999157,
    0.0013920498313382268,
    0.0,
    0.0,
    0.004789566621184349,
    0.021932439878582954,
    0.004012725315988064,
    0.018245305866003036,
    0.0,
    0.0,
    0.019822631031274796,
    0.05698777362704277,
    0.08939789235591888,
    0.05144398659467697,
    0.07784891873598099,
    0.04813610762357712,
    0.01573571190237999,
    0.04566232115030289,
    0.1192382201552391,
    0.09340088814496994,
    0.1297634094953537,
    0.0561266764998436,
    0.11934700608253479,
    0.05684130638837814,
    0.10708160698413849,
    0.08635248988866806,
    0.08743605762720108,
    0.09879381954669952,
    0.14709784090518951,
    0.05155736207962036,
    0.13391566276550293,
    0.05398973822593689,
    0.08170749992132187,
    0.09075247496366501,
    19.008081436157227,
    4425.8583984375,
    813.3565673828125,
    2.102943181991577,
    9.201778411865234,
    359.2085876464844,
    54.65286636352539,
    2.0173962116241455
  ]
}